{
  "script": {
    "steps": [],
    "maxProcessedMemTableBytes": -1,
    "fullSampleStatistics": {
      "engineConfig": {
        "padRunsWithMetrics": false,
        "hive": {
          "active": true,
          "extraConf": []
        },
        "basic": {},
        "dss": {
          "active": true,
          "selection": {
            "useMemTable": false,
            "filter": {
              "distinct": false,
              "enabled": false
            },
            "partitionSelectionMethod": "ALL",
            "latestPartitionsN": 1,
            "ordering": {
              "enabled": false,
              "rules": []
            },
            "samplingMethod": "FULL",
            "maxRecords": -1,
            "targetRatio": 0.02,
            "withinFirstN": -1,
            "maxReadUncompressedBytes": -1
          }
        },
        "sql": {
          "active": true
        },
        "impala": {
          "active": true
        },
        "spark": {
          "active": true,
          "extraConf": []
        },
        "python": {}
      },
      "basic": true,
      "countDistinct": true,
      "advanced": true,
      "percentile": false,
      "validity": false,
      "updateOnAnalyzeBoxOpen": false,
      "computeCostFreeMetrics": false,
      "numberTopValues": 10
    },
    "columnsSelection": {
      "mode": "ALL"
    },
    "columnWidthsByName": {
      "project_key": 162,
      "user": 141,
      "timestamp": 183,
      "instanceName": 105,
      "type": 100,
      "connection": 100,
      "task_data": 100,
      "end_time": 100,
      "job_id": 100,
      "time_end": 100,
      "stable_state": 105,
      "state": 100,
      "warnings_count": 120,
      "scenario_project_key": 165,
      "scenario_id": 100,
      "scenario_run_id": 128,
      "step_id": 100,
      "step_run_id": 100,
      "job_def_trigger_type": 165,
      "job_def_initiated": 143,
      "job_def_refresh_metastore": 203,
      "job_def_outputs": 128
    },
    "columnUseScientificNotationByName": {},
    "coloring": {
      "scheme": "MEANING_AND_STATUS",
      "individualColumns": [],
      "valueColoringMode": "HASH"
    },
    "sorting": [
      {
        "column": "timestamp",
        "ascending": true
      }
    ],
    "analysisColumnData": {},
    "explorationSampling": {
      "selection": {
        "maxRecordsForDisplay": -1,
        "maxStoredBytes": 104857600,
        "timeout": -1,
        "filter": {
          "distinct": false,
          "enabled": false
        },
        "partitionSelectionMethod": "ALL",
        "latestPartitionsN": 1,
        "ordering": {
          "enabled": false,
          "rules": []
        },
        "samplingMethod": "HEAD_SEQUENTIAL",
        "maxRecords": 10000,
        "targetRatio": 0.02,
        "withinFirstN": -1,
        "maxReadUncompressedBytes": -1
      },
      "autoRefreshSample": false,
      "_refreshTrigger": 0
    },
    "vizSampling": {
      "selection": {
        "useMemTable": false,
        "filter": {
          "distinct": false,
          "enabled": false
        },
        "partitionSelectionMethod": "ALL",
        "latestPartitionsN": 1,
        "ordering": {
          "enabled": false,
          "rules": []
        },
        "samplingMethod": "FULL",
        "maxRecords": -1,
        "targetRatio": 0.02,
        "withinFirstN": -1,
        "maxReadUncompressedBytes": -1
      },
      "autoRefreshSample": false,
      "_refreshTrigger": 0
    },
    "exploreUIParams": {
      "autoRefresh": true
    },
    "globalSearchQuery": "",
    "explorationFilters": [],
    "previewMode": "ALL_ROWS"
  },
  "charts": [],
  "interactiveSearch": {
    "savedQueries": []
  }
}