{
  "charts": [],
  "customMeasures": [],
  "interactiveSearch": {
    "savedQueries": []
  },
  "script": {
    "analysisColumnData": {},
    "coloring": {
      "individualColumns": [],
      "scheme": "MEANING_AND_STATUS",
      "valueColoringMode": "HASH"
    },
    "columnUseScientificNotationByName": {},
    "columnWidthsByName": {
      "duration_hours": 148,
      "instanceName": 134,
      "is_active": 100,
      "list_projects": 300,
      "m1_duration_perc_change": 188,
      "nb_projects": 100,
      "nb_sesssions": 105,
      "timestamp_month": 183,
      "user": 211,
      "user_groups": 232,
      "user_profil": 100
    },
    "columnsSelection": {
      "mode": "ALL"
    },
    "explorationFilters": [
      {
        "active": true,
        "alphanumFilter": {
          "column": "instanceName",
          "params": {
            "mode": "full_string",
            "normalization": "exact"
          },
          "selectedValues": [],
          "type": "alphanum"
        },
        "column": "instanceName",
        "currentMode": "FACET",
        "facet": {
          "column": "instanceName",
          "columnType": "ALPHANUM",
          "currentMode": "ALPHANUM",
          "selectedValues": {
            "Primary Design": true
          },
          "sort": "count",
          "type": "facet"
        },
        "type": "columnFilter",
        "validityFilter": {
          "column": "instanceName",
          "params": {
            "empty": true,
            "nok": true,
            "ok": true,
            "type": "Text"
          },
          "type": "validity"
        }
      },
      {
        "active": true,
        "alphanumFilter": {
          "column": "timestamp_month",
          "params": {
            "mode": "full_string",
            "normalization": "exact"
          },
          "selectedValues": [],
          "type": "alphanum"
        },
        "column": "timestamp_month",
        "currentMode": "FACET",
        "facet": {
          "column": "timestamp_month",
          "columnType": "DATE",
          "currentMode": "DATE",
          "dateFilterPart": "YEAR",
          "dateFilterRelativeOption": {
            "containsCurrentDatePart": true,
            "isUntilNow": false,
            "last": 0,
            "next": 0
          },
          "dateFilterType": "RANGE",
          "maxValue": 1677628800000,
          "minValue": 1677628800000,
          "selectedValues": {},
          "sort": "count",
          "timezone": "UTC",
          "type": "facet"
        },
        "type": "columnFilter",
        "validityFilter": {
          "column": "timestamp_month",
          "params": {
            "empty": true,
            "nok": true,
            "ok": true,
            "type": "Date"
          },
          "type": "validity"
        }
      },
      {
        "active": true,
        "alphanumFilter": {
          "column": "user_profil",
          "params": {
            "mode": "full_string",
            "normalization": "exact"
          },
          "selectedValues": [],
          "type": "alphanum"
        },
        "column": "user_profil",
        "currentMode": "FACET",
        "facet": {
          "column": "user_profil",
          "columnType": "ALPHANUM",
          "currentMode": "ALPHANUM",
          "selectedValues": {
            "DESIGNER": true
          },
          "sort": "count",
          "type": "facet"
        },
        "type": "columnFilter",
        "validityFilter": {
          "column": "user_profil",
          "params": {
            "empty": true,
            "nok": true,
            "ok": true,
            "type": "Text"
          },
          "type": "validity"
        }
      }
    ],
    "explorationSampling": {
      "_refreshTrigger": 0,
      "autoRefreshSample": false,
      "selection": {
        "ascending": true,
        "filter": {
          "distinct": false,
          "enabled": false
        },
        "latestPartitionsN": 1,
        "maxReadUncompressedBytes": -1,
        "maxRecords": 10000,
        "maxRecordsForDisplay": -1,
        "maxStoredBytes": 104857600,
        "ordering": {
          "enabled": false,
          "rules": []
        },
        "partitionSelectionMethod": "ALL",
        "samplingMethod": "HEAD_SEQUENTIAL",
        "targetRatio": 0.02,
        "timeout": -1,
        "withinFirstN": -1
      }
    },
    "exploreUIParams": {
      "autoRefresh": true
    },
    "globalSearchQuery": "",
    "maxProcessedMemTableBytes": -1,
    "previewMode": "ALL_ROWS",
    "sorting": [],
    "steps": [],
    "vizSampling": {
      "_refreshTrigger": 0,
      "autoRefreshSample": false,
      "selection": {
        "ascending": true,
        "filter": {
          "distinct": false,
          "enabled": false
        },
        "latestPartitionsN": 1,
        "maxReadUncompressedBytes": -1,
        "maxRecords": -1,
        "ordering": {
          "enabled": false,
          "rules": []
        },
        "partitionSelectionMethod": "ALL",
        "samplingMethod": "FULL",
        "targetRatio": 0.02,
        "useMemTable": false,
        "withinFirstN": -1
      }
    }
  }
}