{
  "script": {
    "steps": [],
    "maxProcessedMemTableBytes": -1,
    "columnsSelection": {
      "mode": "ALL"
    },
    "columnWidthsByName": {
      "projectKey": 246,
      "ownerLogin": 169,
      "projectType": 127,
      "projectAppType": 120,
      "hasSetupSection": 128,
      "permissionsVersion": 150,
      "tutorialProject": 128,
      "disableAutomaticTriggers": 195,
      "commitMode": 100,
      "name": 300,
      "imgColor": 100,
      "showInitials": 105,
      "isProjectAdmin": 120,
      "canReadProjectContent": 173,
      "canWriteProjectContent": 180,
      "canModerateDashboards": 173,
      "canWriteDashboards": 150,
      "canManageDashboardAuthorizations": 255,
      "canManageExposedElements": 195,
      "canManageAdditionalDashboardUsers": 263,
      "canExportDatasetsData": 173,
      "canReadDashboards": 143,
      "canRunScenarios": 128,
      "canExecuteApp": 113,
      "canShareToWorkspaces": 165,
      "canPublishToDataCollections": 218,
      "sharingRequestsEnabled": 180,
      "ownerDisplayName": 162,
      "objectImgHash": 141,
      "isProjectImg": 105,
      "defaultImgColor": 128,
      "imgPattern": 100,
      "contributors": 105,
      "metrics": 300,
      "metricsChecks": 300,
      "sparkPipelinesEnabled": 173,
      "sqlPipelinesEnabled": 158,
      "versionTag": 300,
      "creationTag": 300,
      "shortDesc": 300,
      "tags": 300,
      "customFields": 225,
      "checklists": 300,
      "projectStatus": 113,
      "generatingAppId": 183,
      "generatingAppVersion": 165,
      "description": 300,
      "tutorialId": 155,
      "activeBundleState": 176,
      "instanceName": 134
    },
    "columnUseScientificNotationByName": {},
    "coloring": {
      "scheme": "MEANING_AND_STATUS",
      "individualColumns": [],
      "individualColumnsRules": [],
      "valueColoringMode": "HASH"
    },
    "sorting": [],
    "analysisColumnData": {},
    "explorationSampling": {
      "selection": {
        "maxRecordsForDisplay": -1,
        "maxStoredBytes": 104857600,
        "timeout": -1,
        "filter": {
          "distinct": false,
          "enabled": false
        },
        "partitionSelectionMethod": "ALL",
        "latestPartitionsN": 1,
        "ordering": {
          "enabled": false,
          "rules": []
        },
        "samplingMethod": "HEAD_SEQUENTIAL",
        "maxRecords": 10000,
        "targetRatio": 0.02,
        "ascending": true,
        "withinFirstN": -1,
        "maxReadUncompressedBytes": -1
      },
      "autoRefreshSample": false,
      "_refreshTrigger": 0
    },
    "vizSampling": {
      "selection": {
        "useMemTable": false,
        "filter": {
          "distinct": false,
          "enabled": false
        },
        "partitionSelectionMethod": "ALL",
        "latestPartitionsN": 1,
        "ordering": {
          "enabled": false,
          "rules": []
        },
        "samplingMethod": "FULL",
        "maxRecords": -1,
        "targetRatio": 0.02,
        "ascending": true,
        "withinFirstN": -1,
        "maxReadUncompressedBytes": -1
      },
      "autoRefreshSample": false,
      "_refreshTrigger": 0
    },
    "exploreUIParams": {
      "autoRefresh": true
    },
    "globalSearchQuery": "DEMOCHURNPREDTELECOM",
    "explorationFilters": [],
    "previewMode": "ALL_ROWS"
  },
  "charts": [],
  "interactiveSearch": {
    "savedQueries": []
  },
  "customMeasures": []
}