{
  "charts": [],
  "interactiveSearch": {
    "savedQueries": []
  },
  "script": {
    "analysisColumnData": {},
    "coloring": {
      "individualColumns": [],
      "scheme": "MEANING_AND_STATUS",
      "valueColoringMode": "HASH"
    },
    "columnUseScientificNotationByName": {},
    "columnWidthsByName": {
      "instanceName": 105,
      "is_plugin": 100,
      "plugin_id": 176,
      "project_key": 155,
      "recipe_category": 128,
      "recipe_creation_date": 190,
      "recipe_creation_user": 295,
      "recipe_last_modif_date": 204,
      "recipe_last_modif_user": 295,
      "recipe_tags": 232,
      "recipe_type": 197
    },
    "columnsSelection": {
      "mode": "ALL"
    },
    "explorationFilters": [
      {
        "active": true,
        "alphanumFilter": {
          "column": "plugin_id",
          "params": {
            "mode": "full_string",
            "normalization": "exact"
          },
          "selectedValues": [],
          "type": "alphanum"
        },
        "column": "plugin_id",
        "currentMode": "FACET",
        "facet": {
          "column": "plugin_id",
          "columnType": "ALPHANUM",
          "currentMode": "ALPHANUM",
          "selectedValues": {
            "timeseries-preparation-resampling": true
          },
          "sort": "count",
          "type": "facet"
        },
        "type": "columnFilter",
        "validityFilter": {
          "column": "plugin_id",
          "params": {
            "empty": true,
            "nok": true,
            "ok": true,
            "type": "Text"
          },
          "type": "validity"
        }
      }
    ],
    "explorationSampling": {
      "_refreshTrigger": 0,
      "autoRefreshSample": false,
      "selection": {
        "filter": {
          "distinct": false,
          "enabled": false
        },
        "latestPartitionsN": 1,
        "maxReadUncompressedBytes": -1,
        "maxRecords": 10000,
        "maxRecordsForDisplay": -1,
        "maxStoredBytes": 104857600,
        "ordering": {
          "enabled": false,
          "rules": []
        },
        "partitionSelectionMethod": "ALL",
        "samplingMethod": "HEAD_SEQUENTIAL",
        "targetRatio": 0.02,
        "timeout": -1,
        "withinFirstN": -1
      }
    },
    "exploreUIParams": {
      "autoRefresh": true
    },
    "globalSearchQuery": "",
    "maxProcessedMemTableBytes": -1,
    "previewMode": "ALL_ROWS",
    "sorting": [
      {
        "ascending": false,
        "column": "recipe_creation_date"
      }
    ],
    "steps": [],
    "vizSampling": {
      "_refreshTrigger": 0,
      "autoRefreshSample": false,
      "selection": {
        "filter": {
          "distinct": false,
          "enabled": false
        },
        "latestPartitionsN": 1,
        "maxReadUncompressedBytes": -1,
        "maxRecords": -1,
        "ordering": {
          "enabled": false,
          "rules": []
        },
        "partitionSelectionMethod": "ALL",
        "samplingMethod": "FULL",
        "targetRatio": 0.02,
        "useMemTable": false,
        "withinFirstN": -1
      }
    }
  }
}