{
  "charts": [
    {
      "copySelectionFromScript": true,
      "def": {
        "animationDimension": [],
        "animationFrameDuration": 3000,
        "animationRepeat": true,
        "axis1LogScale": false,
        "axis2LogScale": false,
        "boxplotBreakdownDim": [],
        "boxplotValue": [],
        "bubblesOptions": {
          "defaultRadius": 5.0,
          "singleShape": "FILLED_CIRCLE"
        },
        "chartHeight": 200,
        "colorMeasure": [],
        "colorOptions": {
          "ccScaleMode": "NORMAL",
          "colorPalette": "default",
          "customColors": {},
          "customPalette": {
            "colors": [],
            "fixedValues": false,
            "id": "__dku_custom__",
            "name": "Custom Palette",
            "values": []
          },
          "heatDensityMapIntensity": 0.5,
          "heatDensityMapRadius": 0.5,
          "numQuantizeSteps": 5,
          "paletteMiddleValue": 0.0,
          "paletteType": "CONTINUOUS",
          "quantizationMode": "NONE",
          "singleColor": "#2678B1",
          "transparency": 0.75
        },
        "computeMode": "NORMAL",
        "disableSafetyLimits": false,
        "displayXAxis": true,
        "displayYAxis": true,
        "facetDimension": [],
        "fillOpacity": 0.6,
        "genericDimension0": [],
        "genericDimension1": [],
        "genericMeasures": [],
        "geoLayers": [
          {
            "colorOptions": {
              "ccScaleMode": "NORMAL",
              "colorPalette": "default",
              "customColors": {},
              "customPalette": {
                "colors": [],
                "fixedValues": false,
                "id": "__dku_custom__",
                "name": "Custom Palette",
                "values": []
              },
              "heatDensityMapIntensity": 0.5,
              "heatDensityMapRadius": 0.5,
              "numQuantizeSteps": 5,
              "paletteMiddleValue": 0.0,
              "paletteType": "CONTINUOUS",
              "quantizationMode": "NONE",
              "singleColor": "#2678B1",
              "transparency": 0.75
            },
            "geometry": [],
            "uaColor": []
          }
        ],
        "geometry": [],
        "groupDimension": [],
        "hexbinNumber": 20,
        "hexbinRadius": 20,
        "hexbinRadiusMode": "NUM_HEXAGONS",
        "includeZero": true,
        "legendPlacement": "OUTER_RIGHT",
        "mapGridOptions": {
          "gridLatDeg": 0.6,
          "gridLonDeg": 0.6
        },
        "mapOptions": {
          "lockSquareGrid": false,
          "tilesLayer": "cartodb-positron"
        },
        "multiTooltips": false,
        "name": "New chart",
        "pieOptions": {
          "donutHoleSize": 54.0
        },
        "pivotDisplayTotals": {
          "grandTotal": {
            "column": true,
            "row": true
          },
          "subTotals": {
            "columns": true,
            "rows": true
          }
        },
        "pivotMeasureDisplayMode": "ROWS",
        "scatterOptions": {
          "equalScales": false,
          "identityLine": false
        },
        "showInChartLabels": true,
        "showInChartValues": false,
        "showLegend": true,
        "showXAxis": false,
        "showXAxisLabel": true,
        "showYAxisLabel": true,
        "singleXAxis": true,
        "sizeMeasure": [],
        "smoothing": true,
        "strokeWidth": 2,
        "tooltipMeasures": [],
        "type": "grouped_columns",
        "uaColor": [],
        "uaShape": [],
        "uaSize": [],
        "uaTooltip": [],
        "uaXDimension": [],
        "uaYDimension": [],
        "useLiveProcessingIfAvailable": true,
        "userEditedName": false,
        "valuesInChartDisplayOptions": {
          "displayMode": "VALUES",
          "displayValues": false
        },
        "variant": "normal",
        "xAxisFormatting": {
          "axisValuesFormatting": {
            "numberFormatting": {
              "multiplier": "Auto",
              "prefix": "",
              "suffix": ""
            }
          },
          "customExtent": {
            "editMode": "AUTO",
            "manualExtent": [
              null,
              null
            ]
          },
          "displayAxis": true,
          "isLogScale": false,
          "showAxisTitle": true
        },
        "xAxisMode": "NORMAL",
        "xAxisNumberFormattingOptions": {
          "multiplier": "Auto",
          "prefix": "",
          "suffix": ""
        },
        "xCustomExtent": {
          "editMode": "AUTO",
          "manualExtent": [
            null,
            null
          ]
        },
        "xDimension": [],
        "xMeasure": [],
        "yAxesFormatting": [
          {
            "axisValuesFormatting": {
              "numberFormatting": {
                "multiplier": "Auto",
                "prefix": "",
                "suffix": ""
              }
            },
            "customExtent": {
              "editMode": "AUTO",
              "manualExtent": [
                null,
                null
              ]
            },
            "displayAxis": true,
            "isLogScale": false,
            "showAxisTitle": true
          }
        ],
        "yAxisMode": "NORMAL",
        "yAxisNumberFormattingOptions": {
          "multiplier": "Auto",
          "prefix": "",
          "suffix": ""
        },
        "yCustomExtent": {
          "editMode": "AUTO",
          "manualExtent": [
            null,
            null
          ]
        },
        "yDimension": [],
        "yMeasure": []
      },
      "engineType": "LINO",
      "maxDataBytes": 157286400
    }
  ],
  "interactiveSearch": {
    "savedQueries": []
  },
  "script": {
    "analysisColumnData": {},
    "coloring": {
      "individualColumns": [],
      "scheme": "MEANING_AND_STATUS",
      "valueColoringMode": "HASH"
    },
    "columnUseScientificNotationByName": {},
    "columnWidthsByName": {},
    "columnsSelection": {
      "mode": "ALL"
    },
    "explorationFilters": [],
    "explorationSampling": {
      "_refreshTrigger": 0,
      "autoRefreshSample": false,
      "selection": {
        "filter": {
          "distinct": false,
          "enabled": false
        },
        "latestPartitionsN": 1,
        "maxReadUncompressedBytes": -1,
        "maxRecords": 10000,
        "maxRecordsForDisplay": -1,
        "maxStoredBytes": 104857600,
        "ordering": {
          "enabled": false,
          "rules": []
        },
        "partitionSelectionMethod": "ALL",
        "samplingMethod": "HEAD_SEQUENTIAL",
        "targetRatio": 0.02,
        "timeout": -1,
        "withinFirstN": -1
      }
    },
    "exploreUIParams": {},
    "globalSearchQuery": "",
    "maxProcessedMemTableBytes": -1,
    "previewMode": "ALL_ROWS",
    "sorting": [],
    "steps": [],
    "vizSampling": {
      "_refreshTrigger": 0,
      "autoRefreshSample": false,
      "selection": {
        "filter": {
          "distinct": false,
          "enabled": false
        },
        "latestPartitionsN": 1,
        "maxReadUncompressedBytes": -1,
        "maxRecords": -1,
        "ordering": {
          "enabled": false,
          "rules": []
        },
        "partitionSelectionMethod": "ALL",
        "samplingMethod": "FULL",
        "targetRatio": 0.02,
        "useMemTable": false,
        "withinFirstN": -1
      }
    }
  }
}