{
  "name": "Project Wiki",
  "layout": "WIKI_ARTICLE",
  "attachments": [
    {
      "attachmentType": "FILE",
      "smartId": "uQURAPCGe1xA",
      "details": {
        "objectDisplayName": "overview.png",
        "size": 106894,
        "mimeType": "image/png"
      },
      "attachedBy": "admin",
      "attachedOn": 1678177988551
    },
    {
      "attachmentType": "FILE",
      "smartId": "7azPGpnJrAPv",
      "details": {
        "objectDisplayName": "change_connection.png",
        "size": 350710,
        "mimeType": "image/png"
      },
      "attachedBy": "admin",
      "attachedOn": 1678179716542
    }
  ],
  "versionTag": {
    "versionNumber": 26,
    "lastModifiedBy": {
      "login": "admin"
    },
    "lastModifiedOn": 1678183340936
  },
  "creationTag": {
    "versionNumber": 0,
    "lastModifiedBy": {
      "login": "admin"
    },
    "lastModifiedOn": 1678174774073
  },
  "tags": [],
  "customFields": {},
  "checklists": {
    "checklists": []
  }
}