{
  "name": "Project Variables",
  "layout": "WIKI_ARTICLE",
  "attachments": [
    {
      "attachmentType": "FILE",
      "smartId": "JPDJwijbCgdq",
      "details": {
        "objectDisplayName": "session_definition.png",
        "size": 117319,
        "mimeType": "image/png"
      },
      "attachedBy": "admin",
      "attachedOn": 1678181019104
    }
  ],
  "versionTag": {
    "versionNumber": 8,
    "lastModifiedBy": {
      "login": "admin"
    },
    "lastModifiedOn": 1678181741938
  },
  "creationTag": {
    "versionNumber": 0,
    "lastModifiedBy": {
      "login": "admin"
    },
    "lastModifiedOn": 1678174869395
  },
  "tags": [],
  "customFields": {},
  "checklists": {
    "checklists": []
  }
}