{
    "type": "StatsDB",
    "managed": false,
    "featureGroup": false,
    "checklists": {
        "checklists": []
    },
    "checks": [],
    "customMeta": {
        "kv": {}
    },
    "flowOptions": {
        "virtualizable": false,
        "rebuildBehavior": "NORMAL",
        "crossProjectBuildBehavior": "DEFAULT"
    },
    "readWriteOptions": {
        "preserveOrder": false,
        "writeBuckets": 1,
        "forceSingleOutputFile": false,
        "defaultReadOrdering": {
            "enabled": false,
            "rules": []
        }
    },
    "partitioning": {
        "ignoreNonMatchingFile": false,
        "considerMissingRequestedPartitionsAsEmpty": false,
        "dimensions": []
    },
    "versionTag": {
        "versionNumber": 0,
        "lastModifiedBy": {
            "login": "admin"
        },
        "lastModifiedOn": 1675762493082
    },
    "creationTag": {
        "versionNumber": 0,
        "lastModifiedBy": {
            "login": "admin"
        },
        "lastModifiedOn": 1675762493082
    },
    "tags": [],
    "params": {
        "view": "COMMITS",
        "orderByDate": false,
        "clusterTasks": {},
        "commits": {},
        "jobs": {},
        "scenarioRuns": {},
        "flowActions": {}
    },
    "schema": {
        "columns": [
            {
                "name": "project_key",
                "type": "string"
            },
            {
                "name": "commit_id",
                "type": "string"
            },
            {
                "name": "author",
                "type": "string"
            },
            {
                "name": "timestamp",
                "type": "bigint"
            },
            {
                "name": "added_files",
                "type": "int"
            },
            {
                "name": "added_lines",
                "type": "int"
            },
            {
                "name": "removed_files",
                "type": "int"
            },
            {
                "name": "removed_lines",
                "type": "int"
            },
            {
                "name": "changed_files",
                "type": "int"
            }
        ],
        "userModified": true
    },
    "dkuProperties": [],
    "metrics": {
        "probes": [
            {
                "type": "basic",
                "enabled": true,
                "computeOnBuildMode": "PARTITION",
                "meta": {
                    "name": "Basic data",
                    "level": 0
                },
                "configuration": {}
            },
            {
                "type": "records",
                "enabled": true,
                "computeOnBuildMode": "NO",
                "meta": {
                    "name": "Record count",
                    "level": 0
                },
                "configuration": {}
            }
        ],
        "engineConfig": {
            "padRunsWithMetrics": false,
            "hive": {
                "active": true,
                "extraConf": []
            },
            "basic": {},
            "dss": {
                "active": true,
                "selection": {
                    "useMemTable": false,
                    "filter": {
                        "distinct": false,
                        "enabled": false
                    },
                    "partitionSelectionMethod": "ALL",
                    "latestPartitionsN": 1,
                    "ordering": {
                        "enabled": false,
                        "rules": []
                    },
                    "samplingMethod": "FULL",
                    "maxRecords": -1,
                    "targetRatio": 0.02,
                    "withinFirstN": -1,
                    "maxReadUncompressedBytes": -1
                }
            },
            "sql": {
                "active": true
            },
            "impala": {
                "active": true
            },
            "spark": {
                "active": true,
                "extraConf": []
            },
            "python": {}
        },
        "displayedState": {
            "columns": [],
            "metrics": [
                "basic:COUNT_COLUMNS",
                "records:COUNT_RECORDS"
            ]
        }
    },
    "metricsChecks": {
        "checks": [],
        "displayedState": {
            "checks": []
        },
        "monitor": false
    },
    "customFields": {}
}