{
  "type": "step_based",
  "name": "Build project outputs",
  "active": false,
  "runAsUser": "admin",
  "creationTag": {
    "versionNumber": 14,
    "lastModifiedBy": {
      "login": "camille.cochener"
    },
    "lastModifiedOn": 1687266395565,
    "extendedProperties": {}
  },
  "checklists": {
    "checklists": []
  },
  "delayedTriggersBehavior": {
    "delayWhileRunning": true,
    "squashDelayedTriggers": true,
    "suppressTriggersWhileRunning": true
  },
  "tags": [],
  "triggers": [],
  "reporters": [],
  "params": {
    "steps": [
      {
        "id": "build_2_true_d_users_combined",
        "type": "build_flowitem",
        "name": "1 - Users (1/4)",
        "runConditionType": "RUN_IF_STATUS_MATCH",
        "runConditionStatuses": [
          "SUCCESS",
          "WARNING"
        ],
        "runConditionExpression": "",
        "resetScenarioStatus": false,
        "delayBetweenRetries": 10,
        "maxRetriesOnFail": 0,
        "params": {
          "builds": [
            {
              "type": "DATASET",
              "itemId": "users_combined",
              "partitionsSpec": ""
            }
          ],
          "jobType": "RECURSIVE_FORCED_BUILD",
          "autoUpdateSchemaBeforeEachRecipeRun": true,
          "stopAtFlowZoneBoundary": false,
          "refreshHiveMetastore": true,
          "handleWarningsAs": "WARNING",
          "proceedOnFailure": false
        }
      },
      {
        "id": "reload_schema__d_users_combined",
        "type": "reload_schema",
        "name": "1 - Users (2/4)",
        "runConditionType": "RUN_IF_STATUS_MATCH",
        "runConditionStatuses": [
          "SUCCESS",
          "WARNING"
        ],
        "runConditionExpression": "",
        "resetScenarioStatus": false,
        "delayBetweenRetries": 10,
        "maxRetriesOnFail": 0,
        "params": {
          "items": [
            {
              "type": "DATASET",
              "itemId": "users_combined",
              "partitionsSpec": ""
            }
          ],
          "proceedOnFailure": false
        }
      },
      {
        "id": "build_0_true_d_users_overview",
        "type": "build_flowitem",
        "name": "1 - Users (3/4)",
        "runConditionType": "RUN_IF_STATUS_MATCH",
        "runConditionStatuses": [
          "SUCCESS",
          "WARNING"
        ],
        "runConditionExpression": "",
        "resetScenarioStatus": false,
        "delayBetweenRetries": 10,
        "maxRetriesOnFail": 0,
        "params": {
          "builds": [
            {
              "type": "DATASET",
              "itemId": "users_overview",
              "partitionsSpec": ""
            }
          ],
          "jobType": "RECURSIVE_BUILD",
          "autoUpdateSchemaBeforeEachRecipeRun": true,
          "stopAtFlowZoneBoundary": false,
          "refreshHiveMetastore": true,
          "handleWarningsAs": "WARNING",
          "proceedOnFailure": false
        }
      },
      {
        "id": "build_0_true_d_users_by_profile",
        "type": "build_flowitem",
        "name": "1 - Users (4/4)",
        "runConditionType": "RUN_IF_STATUS_MATCH",
        "runConditionStatuses": [
          "SUCCESS",
          "WARNING"
        ],
        "runConditionExpression": "",
        "resetScenarioStatus": false,
        "delayBetweenRetries": 10,
        "maxRetriesOnFail": 0,
        "params": {
          "builds": [
            {
              "type": "DATASET",
              "itemId": "users_by_profile",
              "partitionsSpec": ""
            }
          ],
          "jobType": "RECURSIVE_BUILD",
          "autoUpdateSchemaBeforeEachRecipeRun": true,
          "stopAtFlowZoneBoundary": false,
          "refreshHiveMetastore": true,
          "handleWarningsAs": "WARNING",
          "proceedOnFailure": false
        }
      },
      {
        "id": "build_2_true_d_dss_commits_combined_d_dss_cluster_tasks_combined_d_dss_jobs_combined",
        "type": "build_flowitem",
        "name": "2 - User Activity (1/4)",
        "runConditionType": "RUN_IF_STATUS_MATCH",
        "runConditionStatuses": [
          "SUCCESS",
          "WARNING"
        ],
        "runConditionExpression": "",
        "resetScenarioStatus": false,
        "delayBetweenRetries": 10,
        "maxRetriesOnFail": 0,
        "params": {
          "builds": [
            {
              "type": "DATASET",
              "itemId": "dss_commits_combined",
              "partitionsSpec": ""
            },
            {
              "type": "DATASET",
              "itemId": "dss_cluster_tasks_combined",
              "partitionsSpec": ""
            },
            {
              "type": "DATASET",
              "itemId": "dss_jobs_combined",
              "partitionsSpec": ""
            }
          ],
          "jobType": "RECURSIVE_FORCED_BUILD",
          "autoUpdateSchemaBeforeEachRecipeRun": false,
          "stopAtFlowZoneBoundary": false,
          "refreshHiveMetastore": true,
          "handleWarningsAs": "WARNING",
          "proceedOnFailure": false
        }
      },
      {
        "id": "reload_schema__d_dss_commits_combined_d_dss_cluster_tasks_combined_d_dss_jobs_combined",
        "type": "reload_schema",
        "name": "2 - User Activity (2/4)",
        "runConditionType": "RUN_IF_STATUS_MATCH",
        "runConditionStatuses": [
          "SUCCESS",
          "WARNING"
        ],
        "runConditionExpression": "",
        "resetScenarioStatus": false,
        "delayBetweenRetries": 10,
        "maxRetriesOnFail": 0,
        "params": {
          "items": [
            {
              "type": "DATASET",
              "itemId": "dss_commits_combined",
              "partitionsSpec": ""
            },
            {
              "type": "DATASET",
              "itemId": "dss_cluster_tasks_combined",
              "partitionsSpec": ""
            },
            {
              "type": "DATASET",
              "itemId": "dss_jobs_combined",
              "partitionsSpec": ""
            }
          ],
          "proceedOnFailure": false
        }
      },
      {
        "id": "build_0_true_d_monthly_users_prepared2",
        "type": "build_flowitem",
        "name": "2 - User Activity (3/4)",
        "runConditionType": "RUN_IF_STATUS_MATCH",
        "runConditionStatuses": [
          "SUCCESS",
          "WARNING"
        ],
        "runConditionExpression": "",
        "resetScenarioStatus": false,
        "delayBetweenRetries": 10,
        "maxRetriesOnFail": 0,
        "params": {
          "builds": [
            {
              "type": "DATASET",
              "itemId": "monthly_users_prepared2",
              "partitionsSpec": ""
            }
          ],
          "jobType": "RECURSIVE_BUILD",
          "autoUpdateSchemaBeforeEachRecipeRun": true,
          "stopAtFlowZoneBoundary": false,
          "refreshHiveMetastore": true,
          "handleWarningsAs": "WARNING",
          "proceedOnFailure": false
        }
      },
      {
        "id": "build_0_true_d_monthly_activity_overall_d_monthly_activity_by_user_profile",
        "type": "build_flowitem",
        "name": "2 - User Activity (4/4)",
        "runConditionType": "RUN_IF_STATUS_MATCH",
        "runConditionStatuses": [
          "SUCCESS",
          "WARNING"
        ],
        "runConditionExpression": "",
        "resetScenarioStatus": false,
        "delayBetweenRetries": 10,
        "maxRetriesOnFail": 0,
        "params": {
          "builds": [
            {
              "type": "DATASET",
              "itemId": "monthly_activity_overall",
              "partitionsSpec": ""
            },
            {
              "type": "DATASET",
              "itemId": "monthly_activity_by_user_profile",
              "partitionsSpec": ""
            }
          ],
          "jobType": "RECURSIVE_BUILD",
          "autoUpdateSchemaBeforeEachRecipeRun": true,
          "stopAtFlowZoneBoundary": false,
          "refreshHiveMetastore": true,
          "handleWarningsAs": "WARNING",
          "proceedOnFailure": false
        }
      },
      {
        "id": "build_2_true_d_flowzones_combined_d_recipes_combined_d_projects_combined_d_wikis_combined_d_dss_scenario_runs_combined",
        "type": "build_flowitem",
        "name": "3 - Projects (1/4)",
        "runConditionType": "RUN_IF_STATUS_MATCH",
        "runConditionStatuses": [
          "SUCCESS",
          "WARNING"
        ],
        "runConditionExpression": "",
        "resetScenarioStatus": false,
        "delayBetweenRetries": 10,
        "maxRetriesOnFail": 0,
        "params": {
          "builds": [
            {
              "type": "DATASET",
              "itemId": "flowzones_combined",
              "partitionsSpec": ""
            },
            {
              "type": "DATASET",
              "itemId": "recipes_combined",
              "partitionsSpec": ""
            },
            {
              "type": "DATASET",
              "itemId": "projects_combined",
              "partitionsSpec": ""
            },
            {
              "type": "DATASET",
              "itemId": "wikis_combined",
              "partitionsSpec": ""
            },
            {
              "type": "DATASET",
              "itemId": "dss_scenario_runs_combined",
              "partitionsSpec": ""
            }
          ],
          "jobType": "RECURSIVE_FORCED_BUILD",
          "autoUpdateSchemaBeforeEachRecipeRun": false,
          "stopAtFlowZoneBoundary": false,
          "refreshHiveMetastore": true,
          "handleWarningsAs": "WARNING",
          "proceedOnFailure": false
        }
      },
      {
        "id": "reload_schema__d_flowzones_combined_d_dss_scenario_runs_combined_d_recipes_combined_d_projects_combined_d_wikis_combined",
        "type": "reload_schema",
        "name": "3 - Projects (2/4)",
        "runConditionType": "RUN_IF_STATUS_MATCH",
        "runConditionStatuses": [
          "SUCCESS",
          "WARNING"
        ],
        "runConditionExpression": "",
        "resetScenarioStatus": false,
        "delayBetweenRetries": 10,
        "maxRetriesOnFail": 0,
        "params": {
          "items": [
            {
              "type": "DATASET",
              "itemId": "flowzones_combined",
              "partitionsSpec": ""
            },
            {
              "type": "DATASET",
              "itemId": "dss_scenario_runs_combined",
              "partitionsSpec": ""
            },
            {
              "type": "DATASET",
              "itemId": "recipes_combined",
              "partitionsSpec": ""
            },
            {
              "type": "DATASET",
              "itemId": "projects_combined",
              "partitionsSpec": ""
            },
            {
              "type": "DATASET",
              "itemId": "wikis_combined",
              "partitionsSpec": ""
            }
          ],
          "proceedOnFailure": false
        }
      },
      {
        "id": "build_0_true_d_projects_info",
        "type": "build_flowitem",
        "name": "3 - Projects (3/4)",
        "runConditionType": "RUN_IF_STATUS_MATCH",
        "runConditionStatuses": [
          "SUCCESS",
          "WARNING"
        ],
        "runConditionExpression": "",
        "resetScenarioStatus": false,
        "delayBetweenRetries": 10,
        "maxRetriesOnFail": 0,
        "params": {
          "builds": [
            {
              "type": "DATASET",
              "itemId": "projects_info",
              "partitionsSpec": ""
            }
          ],
          "jobType": "RECURSIVE_BUILD",
          "autoUpdateSchemaBeforeEachRecipeRun": true,
          "stopAtFlowZoneBoundary": false,
          "refreshHiveMetastore": true,
          "handleWarningsAs": "WARNING",
          "proceedOnFailure": false
        }
      },
      {
        "id": "build_0_true_d_projects_by_type_d_projects_months_since_last_activity_d_projects_overview_d_projects_overview_by_status",
        "type": "build_flowitem",
        "name": "3 - Projects (4/4)",
        "runConditionType": "RUN_IF_STATUS_MATCH",
        "runConditionStatuses": [
          "SUCCESS",
          "WARNING"
        ],
        "runConditionExpression": "",
        "resetScenarioStatus": false,
        "delayBetweenRetries": 10,
        "maxRetriesOnFail": 0,
        "params": {
          "builds": [
            {
              "type": "DATASET",
              "itemId": "projects_by_type",
              "partitionsSpec": ""
            },
            {
              "type": "DATASET",
              "itemId": "projects_months_since_last_activity",
              "partitionsSpec": ""
            },
            {
              "type": "DATASET",
              "itemId": "projects_overview",
              "partitionsSpec": ""
            },
            {
              "type": "DATASET",
              "itemId": "projects_overview_by_status",
              "partitionsSpec": ""
            }
          ],
          "jobType": "RECURSIVE_BUILD",
          "autoUpdateSchemaBeforeEachRecipeRun": true,
          "stopAtFlowZoneBoundary": false,
          "refreshHiveMetastore": true,
          "handleWarningsAs": "WARNING",
          "proceedOnFailure": false
        }
      },
      {
        "id": "build_2_true_d_datasets_combined",
        "type": "build_flowitem",
        "name": "4 - Datasets (1/4)",
        "runConditionType": "RUN_IF_STATUS_MATCH",
        "runConditionStatuses": [
          "SUCCESS",
          "WARNING"
        ],
        "runConditionExpression": "",
        "resetScenarioStatus": false,
        "delayBetweenRetries": 10,
        "maxRetriesOnFail": 0,
        "params": {
          "builds": [
            {
              "type": "DATASET",
              "itemId": "datasets_combined",
              "partitionsSpec": ""
            }
          ],
          "jobType": "RECURSIVE_FORCED_BUILD",
          "autoUpdateSchemaBeforeEachRecipeRun": true,
          "stopAtFlowZoneBoundary": false,
          "refreshHiveMetastore": true,
          "handleWarningsAs": "WARNING",
          "proceedOnFailure": false
        }
      },
      {
        "id": "reload_schema__d_datasets_combined",
        "type": "reload_schema",
        "name": "4 - Datasets (2/4)",
        "runConditionType": "RUN_IF_STATUS_MATCH",
        "runConditionStatuses": [
          "SUCCESS",
          "WARNING"
        ],
        "runConditionExpression": "",
        "resetScenarioStatus": false,
        "delayBetweenRetries": 10,
        "maxRetriesOnFail": 0,
        "params": {
          "items": [
            {
              "type": "DATASET",
              "itemId": "datasets_combined",
              "partitionsSpec": ""
            }
          ],
          "proceedOnFailure": false
        }
      },
      {
        "id": "build_0_true_d_datasets_joined",
        "type": "build_flowitem",
        "name": "4 - Datasets (3/4)",
        "runConditionType": "RUN_IF_STATUS_MATCH",
        "runConditionStatuses": [
          "SUCCESS",
          "WARNING"
        ],
        "runConditionExpression": "",
        "resetScenarioStatus": false,
        "delayBetweenRetries": 10,
        "maxRetriesOnFail": 0,
        "params": {
          "builds": [
            {
              "type": "DATASET",
              "itemId": "datasets_joined",
              "partitionsSpec": ""
            }
          ],
          "jobType": "RECURSIVE_BUILD",
          "autoUpdateSchemaBeforeEachRecipeRun": true,
          "stopAtFlowZoneBoundary": false,
          "refreshHiveMetastore": true,
          "handleWarningsAs": "WARNING",
          "proceedOnFailure": false
        }
      },
      {
        "id": "build_0_true_d_datasets_by_type_d_datasets_overview",
        "type": "build_flowitem",
        "name": "4 - Datasets (4/4)",
        "runConditionType": "RUN_IF_STATUS_MATCH",
        "runConditionStatuses": [
          "SUCCESS",
          "WARNING"
        ],
        "runConditionExpression": "",
        "resetScenarioStatus": false,
        "delayBetweenRetries": 10,
        "maxRetriesOnFail": 0,
        "params": {
          "builds": [
            {
              "type": "DATASET",
              "itemId": "datasets_by_type",
              "partitionsSpec": ""
            },
            {
              "type": "DATASET",
              "itemId": "datasets_overview",
              "partitionsSpec": ""
            }
          ],
          "jobType": "RECURSIVE_BUILD",
          "autoUpdateSchemaBeforeEachRecipeRun": true,
          "stopAtFlowZoneBoundary": false,
          "refreshHiveMetastore": true,
          "handleWarningsAs": "WARNING",
          "proceedOnFailure": false
        }
      },
      {
        "id": "build_0_true_d_plugin_usage",
        "type": "build_flowitem",
        "name": "5 - Plugin (1/1)",
        "runConditionType": "RUN_IF_STATUS_MATCH",
        "runConditionStatuses": [
          "SUCCESS",
          "WARNING"
        ],
        "runConditionExpression": "",
        "resetScenarioStatus": false,
        "delayBetweenRetries": 10,
        "maxRetriesOnFail": 0,
        "params": {
          "builds": [
            {
              "type": "DATASET",
              "itemId": "plugin_usage",
              "partitionsSpec": ""
            }
          ],
          "jobType": "RECURSIVE_BUILD",
          "autoUpdateSchemaBeforeEachRecipeRun": true,
          "stopAtFlowZoneBoundary": false,
          "refreshHiveMetastore": true,
          "handleWarningsAs": "WARNING",
          "proceedOnFailure": false
        }
      },
      {
        "id": "build_2_true_d_code_env_usages_combined_d_code_envs_combined",
        "type": "build_flowitem",
        "name": "6 - Code env (1/3)",
        "runConditionType": "RUN_IF_STATUS_MATCH",
        "runConditionStatuses": [
          "SUCCESS",
          "WARNING"
        ],
        "runConditionExpression": "",
        "resetScenarioStatus": false,
        "delayBetweenRetries": 10,
        "maxRetriesOnFail": 0,
        "params": {
          "builds": [
            {
              "type": "DATASET",
              "itemId": "code_env_usages_combined",
              "partitionsSpec": ""
            },
            {
              "type": "DATASET",
              "itemId": "code_envs_combined",
              "partitionsSpec": ""
            }
          ],
          "jobType": "RECURSIVE_FORCED_BUILD",
          "autoUpdateSchemaBeforeEachRecipeRun": false,
          "stopAtFlowZoneBoundary": false,
          "refreshHiveMetastore": true,
          "handleWarningsAs": "WARNING",
          "proceedOnFailure": false
        }
      },
      {
        "id": "reload_schema__d_code_env_usages_combined_d_code_envs_combined",
        "type": "reload_schema",
        "name": "6 - Code env (2/3)",
        "runConditionType": "RUN_IF_STATUS_MATCH",
        "runConditionStatuses": [
          "SUCCESS",
          "WARNING"
        ],
        "runConditionExpression": "",
        "resetScenarioStatus": false,
        "delayBetweenRetries": 10,
        "maxRetriesOnFail": 0,
        "params": {
          "items": [
            {
              "type": "DATASET",
              "itemId": "code_env_usages_combined",
              "partitionsSpec": ""
            },
            {
              "type": "DATASET",
              "itemId": "code_envs_combined",
              "partitionsSpec": ""
            }
          ],
          "proceedOnFailure": false
        }
      },
      {
        "id": "build_0_true_d_code_envs_by_lang_d_code_envs_by_mode_d_code_envs_overview",
        "type": "build_flowitem",
        "name": "6 - Code env (3/3)",
        "runConditionType": "RUN_IF_STATUS_MATCH",
        "runConditionStatuses": [
          "SUCCESS",
          "WARNING"
        ],
        "runConditionExpression": "",
        "resetScenarioStatus": false,
        "delayBetweenRetries": 10,
        "maxRetriesOnFail": 0,
        "params": {
          "builds": [
            {
              "type": "DATASET",
              "itemId": "code_envs_by_lang",
              "partitionsSpec": ""
            },
            {
              "type": "DATASET",
              "itemId": "code_envs_by_mode",
              "partitionsSpec": ""
            },
            {
              "type": "DATASET",
              "itemId": "code_envs_overview",
              "partitionsSpec": ""
            }
          ],
          "jobType": "RECURSIVE_BUILD",
          "autoUpdateSchemaBeforeEachRecipeRun": true,
          "stopAtFlowZoneBoundary": false,
          "refreshHiveMetastore": true,
          "handleWarningsAs": "WARNING",
          "proceedOnFailure": false
        }
      },
      {
        "id": "build_2_true_d_api_services_combined",
        "type": "build_flowitem",
        "name": "7 - API Services (1/3)",
        "runConditionType": "RUN_IF_STATUS_MATCH",
        "runConditionStatuses": [
          "SUCCESS",
          "WARNING"
        ],
        "runConditionExpression": "",
        "resetScenarioStatus": false,
        "delayBetweenRetries": 10,
        "maxRetriesOnFail": 0,
        "params": {
          "builds": [
            {
              "type": "DATASET",
              "itemId": "api_services_combined",
              "partitionsSpec": ""
            }
          ],
          "jobType": "RECURSIVE_FORCED_BUILD",
          "autoUpdateSchemaBeforeEachRecipeRun": false,
          "stopAtFlowZoneBoundary": false,
          "refreshHiveMetastore": true,
          "handleWarningsAs": "WARNING",
          "proceedOnFailure": false
        }
      },
      {
        "id": "reload_schema__d_api_services_combined",
        "type": "reload_schema",
        "name": "7 - API Services (2/3)",
        "runConditionType": "RUN_IF_STATUS_MATCH",
        "runConditionStatuses": [
          "SUCCESS",
          "WARNING"
        ],
        "runConditionExpression": "",
        "resetScenarioStatus": false,
        "delayBetweenRetries": 10,
        "maxRetriesOnFail": 0,
        "params": {
          "items": [
            {
              "type": "DATASET",
              "itemId": "api_services_combined",
              "partitionsSpec": ""
            }
          ],
          "proceedOnFailure": false
        }
      },
      {
        "id": "build_0_true_d_api_services_overview_d_api_services_overview_by_type",
        "type": "build_flowitem",
        "name": "7 - API Services (3/3)",
        "runConditionType": "RUN_IF_STATUS_MATCH",
        "runConditionStatuses": [
          "SUCCESS",
          "WARNING"
        ],
        "runConditionExpression": "",
        "resetScenarioStatus": false,
        "delayBetweenRetries": 10,
        "maxRetriesOnFail": 0,
        "params": {
          "builds": [
            {
              "type": "DATASET",
              "itemId": "api_services_overview",
              "partitionsSpec": ""
            },
            {
              "type": "DATASET",
              "itemId": "api_services_overview_by_type",
              "partitionsSpec": ""
            }
          ],
          "jobType": "RECURSIVE_BUILD",
          "autoUpdateSchemaBeforeEachRecipeRun": true,
          "stopAtFlowZoneBoundary": false,
          "refreshHiveMetastore": true,
          "handleWarningsAs": "WARNING",
          "proceedOnFailure": false
        }
      },
      {
        "id": "build_2_true_d_webapps_combined",
        "type": "build_flowitem",
        "name": "8 - Webapps (1/3)",
        "runConditionType": "RUN_IF_STATUS_MATCH",
        "runConditionStatuses": [
          "SUCCESS",
          "WARNING"
        ],
        "runConditionExpression": "",
        "resetScenarioStatus": false,
        "delayBetweenRetries": 10,
        "maxRetriesOnFail": 0,
        "params": {
          "builds": [
            {
              "type": "DATASET",
              "itemId": "webapps_combined",
              "partitionsSpec": ""
            }
          ],
          "jobType": "RECURSIVE_FORCED_BUILD",
          "autoUpdateSchemaBeforeEachRecipeRun": false,
          "stopAtFlowZoneBoundary": false,
          "refreshHiveMetastore": true,
          "handleWarningsAs": "WARNING",
          "proceedOnFailure": false
        }
      },
      {
        "id": "reload_schema__d_webapps_combined",
        "type": "reload_schema",
        "name": "8 - Webapps (2/3)",
        "runConditionType": "RUN_IF_STATUS_MATCH",
        "runConditionStatuses": [
          "SUCCESS",
          "WARNING"
        ],
        "runConditionExpression": "",
        "resetScenarioStatus": false,
        "delayBetweenRetries": 10,
        "maxRetriesOnFail": 0,
        "params": {
          "items": [
            {
              "type": "DATASET",
              "itemId": "webapps_combined",
              "partitionsSpec": ""
            }
          ],
          "proceedOnFailure": false
        }
      },
      {
        "id": "build_0_true_d_webapps_overview_by_type_d_webapps_overview",
        "type": "build_flowitem",
        "name": "8 - Webapps (3/3)",
        "runConditionType": "RUN_IF_STATUS_MATCH",
        "runConditionStatuses": [
          "SUCCESS",
          "WARNING"
        ],
        "runConditionExpression": "",
        "resetScenarioStatus": false,
        "delayBetweenRetries": 10,
        "maxRetriesOnFail": 0,
        "params": {
          "builds": [
            {
              "type": "DATASET",
              "itemId": "webapps_overview_by_type",
              "partitionsSpec": ""
            },
            {
              "type": "DATASET",
              "itemId": "webapps_overview",
              "partitionsSpec": ""
            }
          ],
          "jobType": "RECURSIVE_BUILD",
          "autoUpdateSchemaBeforeEachRecipeRun": true,
          "stopAtFlowZoneBoundary": false,
          "refreshHiveMetastore": true,
          "handleWarningsAs": "WARNING",
          "proceedOnFailure": false
        }
      },
      {
        "id": "build_2_true_d_workspaces_combined",
        "type": "build_flowitem",
        "name": "9 - Workspaces (1/3)",
        "runConditionType": "RUN_IF_STATUS_MATCH",
        "runConditionStatuses": [
          "SUCCESS",
          "WARNING"
        ],
        "runConditionExpression": "",
        "resetScenarioStatus": false,
        "delayBetweenRetries": 10,
        "maxRetriesOnFail": 0,
        "params": {
          "builds": [
            {
              "type": "DATASET",
              "itemId": "workspaces_combined",
              "partitionsSpec": ""
            }
          ],
          "jobType": "RECURSIVE_FORCED_BUILD",
          "autoUpdateSchemaBeforeEachRecipeRun": false,
          "stopAtFlowZoneBoundary": false,
          "refreshHiveMetastore": true,
          "handleWarningsAs": "WARNING",
          "proceedOnFailure": false
        }
      },
      {
        "id": "reload_schema__d_workspaces_combined",
        "type": "reload_schema",
        "name": "9 - Workspaces (2/3)",
        "runConditionType": "RUN_IF_STATUS_MATCH",
        "runConditionStatuses": [
          "SUCCESS",
          "WARNING"
        ],
        "runConditionExpression": "",
        "resetScenarioStatus": false,
        "delayBetweenRetries": 10,
        "maxRetriesOnFail": 0,
        "params": {
          "items": [
            {
              "type": "DATASET",
              "itemId": "workspaces_combined",
              "partitionsSpec": ""
            }
          ],
          "proceedOnFailure": false
        }
      },
      {
        "id": "build_0_true_d_workspaces_overview",
        "type": "build_flowitem",
        "name": "9 - Workspaces (3/3)",
        "runConditionType": "RUN_IF_STATUS_MATCH",
        "runConditionStatuses": [
          "SUCCESS",
          "WARNING"
        ],
        "runConditionExpression": "",
        "resetScenarioStatus": false,
        "delayBetweenRetries": 10,
        "maxRetriesOnFail": 0,
        "params": {
          "builds": [
            {
              "type": "DATASET",
              "itemId": "workspaces_overview",
              "partitionsSpec": ""
            }
          ],
          "jobType": "RECURSIVE_BUILD",
          "autoUpdateSchemaBeforeEachRecipeRun": true,
          "stopAtFlowZoneBoundary": false,
          "refreshHiveMetastore": true,
          "handleWarningsAs": "WARNING",
          "proceedOnFailure": false
        }
      },
      {
        "id": "custom_python_PwyMdBUoYTyEazCQovp5FA",
        "type": "custom_python",
        "name": "Final outputs",
        "runConditionType": "RUN_IF_STATUS_MATCH",
        "runConditionStatuses": [
          "SUCCESS",
          "WARNING"
        ],
        "runConditionExpression": "",
        "resetScenarioStatus": false,
        "delayBetweenRetries": 10,
        "maxRetriesOnFail": 0,
        "params": {
          "script": "import dataiku\nimport pandas as pd, numpy as np\n\nproject \u003d dataiku.api_client().get_default_project()\nrecipes_to_build \u003d [p for p in project.list_recipes() if \u0027compute_HhiHf5Zd\u0027 in p[\u0027name\u0027]]\n\nfor i,r in enumerate(recipes_to_build):\n    print(\u0027Recipe {}/{}\u0027.format(i+1, len(recipes_to_build)))\n    project.get_recipe(r[\u0027name\u0027]).run(wait\u003dFalse)\n",
          "envSelection": {
            "envMode": "INHERIT"
          },
          "proceedOnFailure": false
        }
      }
    ]
  },
  "automationLocal": false,
  "customFields": {}
}