{
  "name": "9 - Workspaces",
  "color": "#D03713",
  "items": [
    {
      "objectId": "compute_workspaces_overview",
      "objectType": "RECIPE"
    },
    {
      "objectId": "workspaces",
      "objectType": "DATASET"
    },
    {
      "objectId": "compute_workspaces_by_obj_type",
      "objectType": "RECIPE"
    },
    {
      "objectId": "workspaces_by_obj_type",
      "objectType": "DATASET"
    },
    {
      "objectId": "compute_workspaces_infos",
      "objectType": "RECIPE"
    },
    {
      "objectId": "compute_workspaces_joined",
      "objectType": "RECIPE"
    },
    {
      "objectId": "workspaces_joined",
      "objectType": "DATASET"
    },
    {
      "objectId": "workspaces_overview",
      "objectType": "DATASET"
    },
    {
      "objectId": "NrRaYgIm",
      "objectType": "MANAGED_FOLDER"
    },
    {
      "objectId": "compute_HhiHf5Zd_12",
      "objectType": "RECIPE"
    }
  ],
  "shared": [],
  "tags": [],
  "customFields": {},
  "checklists": {
    "checklists": []
  }
}