{
  "name": "3 - Projects",
  "color": "#8C2DA7",
  "items": [
    {
      "objectId": "compute_dss_scenario_prepared",
      "objectType": "RECIPE"
    },
    {
      "objectId": "dss_scenario_prepared",
      "objectType": "DATASET"
    },
    {
      "objectId": "compute_projects_activity_level",
      "objectType": "RECIPE"
    },
    {
      "objectId": "compute_project_categories",
      "objectType": "RECIPE"
    },
    {
      "objectId": "project_categories",
      "objectType": "DATASET"
    },
    {
      "objectId": "compute_project_categories_prepared",
      "objectType": "RECIPE"
    },
    {
      "objectId": "project_categories_prepared",
      "objectType": "DATASET"
    },
    {
      "objectId": "compute_projects_overview",
      "objectType": "RECIPE"
    },
    {
      "objectId": "compute_project_overview",
      "objectType": "RECIPE"
    },
    {
      "objectId": "compute_projects_activity_level2",
      "objectType": "RECIPE"
    },
    {
      "objectId": "compute_projects_infos",
      "objectType": "RECIPE"
    },
    {
      "objectId": "projects_activity_level",
      "objectType": "DATASET"
    },
    {
      "objectId": "compute_projects_activity_level_prepared",
      "objectType": "RECIPE"
    },
    {
      "objectId": "projects_activity_level_prepared",
      "objectType": "DATASET"
    },
    {
      "objectId": "compute_projects_infos2",
      "objectType": "RECIPE"
    },
    {
      "objectId": "projects",
      "objectType": "DATASET"
    },
    {
      "objectId": "compute_projects_1",
      "objectType": "RECIPE"
    },
    {
      "objectId": "recipes_prepared2",
      "objectType": "DATASET"
    },
    {
      "objectId": "compute_recipes_prepared2",
      "objectType": "RECIPE"
    },
    {
      "objectId": "recipes_joined",
      "objectType": "DATASET"
    },
    {
      "objectId": "compute_recipes_joined",
      "objectType": "RECIPE"
    },
    {
      "objectId": "plugins_store_recipes",
      "objectType": "DATASET"
    },
    {
      "objectId": "recipes_prepared",
      "objectType": "DATASET"
    },
    {
      "objectId": "compute_plugins_store_prepared",
      "objectType": "RECIPE"
    },
    {
      "objectId": "compute_recipes_prepared",
      "objectType": "RECIPE"
    },
    {
      "objectId": "compute_last_project_scenario",
      "objectType": "RECIPE"
    },
    {
      "objectId": "last_project_scenario",
      "objectType": "DATASET"
    },
    {
      "objectId": "projects_by_type",
      "objectType": "DATASET"
    },
    {
      "objectId": "projects_info",
      "objectType": "DATASET"
    },
    {
      "objectId": "projects_info2",
      "objectType": "DATASET"
    },
    {
      "objectId": "projects_overview",
      "objectType": "DATASET"
    },
    {
      "objectId": "projects_info2_by_status",
      "objectType": "DATASET"
    },
    {
      "objectId": "projects_overview_by_status",
      "objectType": "DATASET"
    },
    {
      "objectId": "compute_projects_infos2_1",
      "objectType": "RECIPE"
    },
    {
      "objectId": "compute_projects_infos_1",
      "objectType": "RECIPE"
    },
    {
      "objectId": "projects_months_since_last_activity",
      "objectType": "DATASET"
    },
    {
      "objectId": "flowzones_by_project",
      "objectType": "DATASET"
    },
    {
      "objectId": "compute_flowzones_by_project",
      "objectType": "RECIPE"
    },
    {
      "objectId": "UEfQ2kZJ",
      "objectType": "MANAGED_FOLDER"
    },
    {
      "objectId": "compute_HhiHf5Zd_5",
      "objectType": "RECIPE"
    },
    {
      "objectId": "bIJfgqql",
      "objectType": "MANAGED_FOLDER"
    },
    {
      "objectId": "compute_HhiHf5Zd_13",
      "objectType": "RECIPE"
    },
    {
      "objectId": "x45zslQz",
      "objectType": "MANAGED_FOLDER"
    },
    {
      "objectId": "compute_HhiHf5Zd_14",
      "objectType": "RECIPE"
    },
    {
      "objectId": "oUc5VMRP",
      "objectType": "MANAGED_FOLDER"
    },
    {
      "objectId": "compute_HhiHf5Zd_18",
      "objectType": "RECIPE"
    },
    {
      "objectId": "compute_wikis_prepared",
      "objectType": "RECIPE"
    },
    {
      "objectId": "wikis_prepared",
      "objectType": "DATASET"
    }
  ],
  "shared": [],
  "tags": [],
  "customFields": {},
  "checklists": {
    "checklists": []
  }
}