{
  "name": "8 - Webapps",
  "color": "#0F786B",
  "items": [
    {
      "objectId": "compute_webapps_by_projects",
      "objectType": "RECIPE"
    },
    {
      "objectId": "webapps_overview",
      "objectType": "DATASET"
    },
    {
      "objectId": "webapps_overview_by_type",
      "objectType": "DATASET"
    },
    {
      "objectId": "compute_webapps_by_projects_1",
      "objectType": "RECIPE"
    },
    {
      "objectId": "JBppwlOk",
      "objectType": "MANAGED_FOLDER"
    },
    {
      "objectId": "compute_HhiHf5Zd_10",
      "objectType": "RECIPE"
    },
    {
      "objectId": "ZLbASG18",
      "objectType": "MANAGED_FOLDER"
    },
    {
      "objectId": "compute_HhiHf5Zd_11",
      "objectType": "RECIPE"
    }
  ],
  "shared": [],
  "tags": [],
  "customFields": {},
  "checklists": {
    "checklists": []
  }
}