{
  "name": "6 - Code environments",
  "color": "#4B8021",
  "items": [
    {
      "objectId": "compute_code_env_usages",
      "objectType": "RECIPE"
    },
    {
      "objectId": "code_env_usages",
      "objectType": "DATASET"
    },
    {
      "objectId": "compute_code_envs_joined",
      "objectType": "RECIPE"
    },
    {
      "objectId": "code_envs_joined",
      "objectType": "DATASET"
    },
    {
      "objectId": "compute_code_envs_overview",
      "objectType": "RECIPE"
    },
    {
      "objectId": "code_envs_overview",
      "objectType": "DATASET"
    },
    {
      "objectId": "compute_code_envs_by_lang",
      "objectType": "RECIPE"
    },
    {
      "objectId": "code_envs_by_lang",
      "objectType": "DATASET"
    },
    {
      "objectId": "code_envs_by_mode",
      "objectType": "DATASET"
    },
    {
      "objectId": "compute_code_envs_by_mode",
      "objectType": "RECIPE"
    },
    {
      "objectId": "HhiHf5Zd",
      "objectType": "MANAGED_FOLDER"
    },
    {
      "objectId": "compute_HhiHf5Zd",
      "objectType": "RECIPE"
    },
    {
      "objectId": "oSrRwChG",
      "objectType": "MANAGED_FOLDER"
    },
    {
      "objectId": "compute_HhiHf5Zd_1",
      "objectType": "RECIPE"
    },
    {
      "objectId": "6Eb62k8B",
      "objectType": "MANAGED_FOLDER"
    },
    {
      "objectId": "compute_HhiHf5Zd_2",
      "objectType": "RECIPE"
    }
  ],
  "shared": [],
  "tags": [],
  "customFields": {},
  "checklists": {
    "checklists": []
  }
}