{
  "name": "4 - Datasets",
  "color": "#F9BE40",
  "items": [
    {
      "objectId": "compute_datasets_metrics_checks",
      "objectType": "RECIPE"
    },
    {
      "objectId": "compute_datasets_metrics_checks_1",
      "objectType": "RECIPE"
    },
    {
      "objectId": "compute_datasets_prepared",
      "objectType": "RECIPE"
    },
    {
      "objectId": "datasets_metrics",
      "objectType": "DATASET"
    },
    {
      "objectId": "datasets_checks",
      "objectType": "DATASET"
    },
    {
      "objectId": "datasets_prepared",
      "objectType": "DATASET"
    },
    {
      "objectId": "compute_datasets_metrics2",
      "objectType": "RECIPE"
    },
    {
      "objectId": "compute_datasets_checks2",
      "objectType": "RECIPE"
    },
    {
      "objectId": "datasets_metrics2",
      "objectType": "DATASET"
    },
    {
      "objectId": "datasets_checks2",
      "objectType": "DATASET"
    },
    {
      "objectId": "compute_datasets_joined",
      "objectType": "RECIPE"
    },
    {
      "objectId": "datasets_joined",
      "objectType": "DATASET"
    },
    {
      "objectId": "compute_datasets_by_type",
      "objectType": "RECIPE"
    },
    {
      "objectId": "compute_datasets_overview",
      "objectType": "RECIPE"
    },
    {
      "objectId": "datasets_by_type",
      "objectType": "DATASET"
    },
    {
      "objectId": "compute_datasets_overview2",
      "objectType": "RECIPE"
    },
    {
      "objectId": "datasets_by_project",
      "objectType": "DATASET"
    },
    {
      "objectId": "datasets_overview",
      "objectType": "DATASET"
    },
    {
      "objectId": "KRS1B4yd",
      "objectType": "MANAGED_FOLDER"
    },
    {
      "objectId": "compute_HhiHf5Zd_8",
      "objectType": "RECIPE"
    },
    {
      "objectId": "HV1OC8K0",
      "objectType": "MANAGED_FOLDER"
    },
    {
      "objectId": "compute_HhiHf5Zd_9",
      "objectType": "RECIPE"
    }
  ],
  "shared": [],
  "tags": [],
  "customFields": {},
  "checklists": {
    "checklists": []
  }
}