{
  "name": "7 - API Services",
  "color": "#087ABF",
  "items": [
    {
      "objectId": "compute_api_services_prepared",
      "objectType": "RECIPE"
    },
    {
      "objectId": "api_services_prepared",
      "objectType": "DATASET"
    },
    {
      "objectId": "compute_api_services_infos",
      "objectType": "RECIPE"
    },
    {
      "objectId": "api_services_overview_by_type",
      "objectType": "DATASET"
    },
    {
      "objectId": "compute_api_services_overview_by_type",
      "objectType": "RECIPE"
    },
    {
      "objectId": "api_services_overview",
      "objectType": "DATASET"
    },
    {
      "objectId": "I6p7PgUi",
      "objectType": "MANAGED_FOLDER"
    },
    {
      "objectId": "compute_HhiHf5Zd_3",
      "objectType": "RECIPE"
    },
    {
      "objectId": "AOFQKRL1",
      "objectType": "MANAGED_FOLDER"
    },
    {
      "objectId": "compute_HhiHf5Zd_4",
      "objectType": "RECIPE"
    }
  ],
  "shared": [],
  "tags": [],
  "customFields": {},
  "checklists": {
    "checklists": []
  }
}