{
  "name": "0 - Input",
  "color": "#465A64",
  "items": [
    {
      "objectId": "compute_Aa91xNEX",
      "objectType": "RECIPE"
    },
    {
      "objectId": "AeY2pFO3",
      "objectType": "MANAGED_FOLDER"
    },
    {
      "objectId": "analyses_combined",
      "objectType": "DATASET"
    },
    {
      "objectId": "dss_commits",
      "objectType": "DATASET"
    },
    {
      "objectId": "dss_jobs",
      "objectType": "DATASET"
    },
    {
      "objectId": "dss_cluster_tasks",
      "objectType": "DATASET"
    },
    {
      "objectId": "ml_tasks_combined",
      "objectType": "DATASET"
    },
    {
      "objectId": "doDUsSMo",
      "objectType": "MANAGED_FOLDER"
    },
    {
      "objectId": "compute_doDUsSMo",
      "objectType": "RECIPE"
    },
    {
      "objectId": "dss_flow_actions",
      "objectType": "DATASET"
    },
    {
      "objectId": "compute_htkhwfgY",
      "objectType": "RECIPE"
    },
    {
      "objectId": "htkhwfgY",
      "objectType": "MANAGED_FOLDER"
    },
    {
      "objectId": "dss_flow_actions_combined",
      "objectType": "DATASET"
    },
    {
      "objectId": "Ay9JTgut",
      "objectType": "MANAGED_FOLDER"
    },
    {
      "objectId": "dss_commits_combined",
      "objectType": "DATASET"
    },
    {
      "objectId": "l5u0mNzZ",
      "objectType": "MANAGED_FOLDER"
    },
    {
      "objectId": "dss_cluster_tasks_combined",
      "objectType": "DATASET"
    },
    {
      "objectId": "dss_jobs_combined",
      "objectType": "DATASET"
    },
    {
      "objectId": "jmCOULBV",
      "objectType": "MANAGED_FOLDER"
    },
    {
      "objectId": "compute_Ay9JTgut",
      "objectType": "RECIPE"
    },
    {
      "objectId": "compute_l5u0mNzZ",
      "objectType": "RECIPE"
    },
    {
      "objectId": "compute_ruLf3YZr",
      "objectType": "RECIPE"
    },
    {
      "objectId": "api_services_combined",
      "objectType": "DATASET"
    },
    {
      "objectId": "tsvfSz9g",
      "objectType": "MANAGED_FOLDER"
    },
    {
      "objectId": "compute_tsvfSz9g",
      "objectType": "RECIPE"
    },
    {
      "objectId": "code_env_usages_combined",
      "objectType": "DATASET"
    },
    {
      "objectId": "38rN676F",
      "objectType": "MANAGED_FOLDER"
    },
    {
      "objectId": "compute_38rN676F",
      "objectType": "RECIPE"
    },
    {
      "objectId": "datasets_combined",
      "objectType": "DATASET"
    },
    {
      "objectId": "38yqtJnJ",
      "objectType": "MANAGED_FOLDER"
    },
    {
      "objectId": "compute_dataset_folders",
      "objectType": "RECIPE"
    },
    {
      "objectId": "webapps_combined",
      "objectType": "DATASET"
    },
    {
      "objectId": "2cmFf1K9",
      "objectType": "MANAGED_FOLDER"
    },
    {
      "objectId": "compute_2cmFf1K9",
      "objectType": "RECIPE"
    },
    {
      "objectId": "users_combined",
      "objectType": "DATASET"
    },
    {
      "objectId": "UKrg8LEY",
      "objectType": "MANAGED_FOLDER"
    },
    {
      "objectId": "compute_users",
      "objectType": "RECIPE"
    },
    {
      "objectId": "plugins_store",
      "objectType": "DATASET"
    },
    {
      "objectId": "compute_plugins_store",
      "objectType": "RECIPE"
    },
    {
      "objectId": "recipes_combined",
      "objectType": "DATASET"
    },
    {
      "objectId": "ia0OeRqW",
      "objectType": "MANAGED_FOLDER"
    },
    {
      "objectId": "projects_combined",
      "objectType": "DATASET"
    },
    {
      "objectId": "d9wMkfDd",
      "objectType": "MANAGED_FOLDER"
    },
    {
      "objectId": "compute_projects",
      "objectType": "RECIPE"
    },
    {
      "objectId": "dss_scenario_runs",
      "objectType": "DATASET"
    },
    {
      "objectId": "compute_ia0OeRqW",
      "objectType": "RECIPE"
    },
    {
      "objectId": "compute_IZkUdQnd",
      "objectType": "RECIPE"
    },
    {
      "objectId": "IZkUdQnd",
      "objectType": "MANAGED_FOLDER"
    },
    {
      "objectId": "plugins_combined",
      "objectType": "DATASET"
    },
    {
      "objectId": "compute_HFEGr63U",
      "objectType": "RECIPE"
    },
    {
      "objectId": "HFEGr63U",
      "objectType": "MANAGED_FOLDER"
    },
    {
      "objectId": "code_envs_combined",
      "objectType": "DATASET"
    },
    {
      "objectId": "Ss7QULR6",
      "objectType": "MANAGED_FOLDER"
    },
    {
      "objectId": "compute_Ss7QULR6",
      "objectType": "RECIPE"
    },
    {
      "objectId": "flowzones_combined",
      "objectType": "DATASET"
    },
    {
      "objectId": "compute_FxZWJgZx",
      "objectType": "RECIPE"
    },
    {
      "objectId": "FxZWJgZx",
      "objectType": "MANAGED_FOLDER"
    },
    {
      "objectId": "workspaces_combined",
      "objectType": "DATASET"
    },
    {
      "objectId": "wikis_combined",
      "objectType": "DATASET"
    },
    {
      "objectId": "UGfv9eFp",
      "objectType": "MANAGED_FOLDER"
    },
    {
      "objectId": "compute_2cmFf1K9_1",
      "objectType": "RECIPE"
    },
    {
      "objectId": "compute_RQqOlt9H",
      "objectType": "RECIPE"
    },
    {
      "objectId": "dss_scenario_runs_combined",
      "objectType": "DATASET"
    },
    {
      "objectId": "RQqOlt9H",
      "objectType": "MANAGED_FOLDER"
    }
  ],
  "shared": [],
  "tags": [],
  "customFields": {},
  "checklists": {
    "checklists": []
  }
}