{
  "name": "1 - Users",
  "color": "#31439C",
  "items": [
    {
      "objectId": "compute_users_last_activity_joined",
      "objectType": "RECIPE"
    },
    {
      "objectId": "users_last_activity_joined",
      "objectType": "DATASET"
    },
    {
      "objectId": "compute_users_last_activity_prepared",
      "objectType": "RECIPE"
    },
    {
      "objectId": "compute_user_profile_activity",
      "objectType": "RECIPE"
    },
    {
      "objectId": "user_profile_activity",
      "objectType": "DATASET"
    },
    {
      "objectId": "compute_user_profile_activity_prepared",
      "objectType": "RECIPE"
    },
    {
      "objectId": "users_overview",
      "objectType": "DATASET"
    },
    {
      "objectId": "users_by_profile",
      "objectType": "DATASET"
    },
    {
      "objectId": "0JFHHLjx",
      "objectType": "MANAGED_FOLDER"
    },
    {
      "objectId": "compute_HhiHf5Zd_15",
      "objectType": "RECIPE"
    },
    {
      "objectId": "9LOQeUzi",
      "objectType": "MANAGED_FOLDER"
    },
    {
      "objectId": "compute_HhiHf5Zd_16",
      "objectType": "RECIPE"
    },
    {
      "objectId": "user_last_activity",
      "objectType": "DATASET"
    },
    {
      "objectId": "compute_user_last_activity",
      "objectType": "RECIPE"
    }
  ],
  "shared": [],
  "tags": [],
  "customFields": {},
  "checklists": {
    "checklists": []
  }
}