{
  "name": "5 - Plugins",
  "color": "#C54F00",
  "items": [
    {
      "objectId": "compute_plugins_prepared",
      "objectType": "RECIPE"
    },
    {
      "objectId": "plugins_prepared",
      "objectType": "DATASET"
    },
    {
      "objectId": "compute_plugins_joined",
      "objectType": "RECIPE"
    },
    {
      "objectId": "plugins_joined",
      "objectType": "DATASET"
    },
    {
      "objectId": "compute_plugin_usage",
      "objectType": "RECIPE"
    },
    {
      "objectId": "plugin_usage",
      "objectType": "DATASET"
    },
    {
      "objectId": "plugin_recipes_used",
      "objectType": "DATASET"
    },
    {
      "objectId": "compute_plugin_recipes_used",
      "objectType": "RECIPE"
    },
    {
      "objectId": "47BMgfPz",
      "objectType": "MANAGED_FOLDER"
    },
    {
      "objectId": "compute_HhiHf5Zd_17",
      "objectType": "RECIPE"
    }
  ],
  "shared": [],
  "tags": [],
  "customFields": {},
  "checklists": {
    "checklists": []
  }
}