{
  "tags": {
    "output": {
      "color": "#a088bd"
    },
    "deleted-recipe-editor": {
      "color": "#90a8b7"
    },
    "Business Function:IT / Cybersecurity / Data": {
      "color": "#B31C38"
    },
    "recipe-editor": {
      "color": "#1ac2ab"
    },
    "imported": {
      "color": "#263238"
    },
    "shared_connection": {
      "color": "#1ac2ab"
    },
    "Business Function:Risk / Audit / Legal": {
      "color": "#DD8619"
    },
    "Governance": {
      "color": "#FFD83D"
    },
    "monitoring": {
      "color": "#d66b9b"
    }
  }
}