{
  "dss_version": 12,
  "duration_end_session": 30,
  "session_duration_after_last_commit": 5,
  "monthly_active_user_threshold": 1,
  "weekly_active_user_threshold": 0.25,
  "daily_active_user_threshold": 0.167,
  "threshold_project_activity": 6,
  "recipes_ml": [
    "evaluation",
    "prediction_scoring",
    "prediction_training",
    "clustering_training",
    "clustering_cluster"
  ],
  "recipes_code": [
    "python",
    "sql_query",
    "r",
    "sparkr",
    "spark_sql_query",
    "spark_scala",
    "pyspark",
    "impala",
    "hive",
    "shell"
  ],
  "threshold_complexity_nb_recipes": 25,
  "threshold_code_env_usage": 5
}