{
  "tags": {
    "PROJECT.DSSAUDITBUILDER": {
      "versionNumber": 108,
      "lastModifiedBy": {
        "login": "admin"
      },
      "lastModifiedOn": 1725541529563,
      "extendedProperties": {}
    },
    "RECIPE.compute_HFEGr63U": {
      "versionNumber": 4,
      "lastModifiedBy": {
        "login": "cassandra.chuljian"
      },
      "lastModifiedOn": 1705512088193,
      "extendedProperties": {}
    },
    "SCENARIO.BUILD": {
      "versionNumber": 14,
      "lastModifiedBy": {
        "login": "camille.cochener"
      },
      "lastModifiedOn": 1687266395565,
      "extendedProperties": {}
    },
    "SCENARIO.WRITERAWDATA": {
      "versionNumber": 1,
      "lastModifiedBy": {
        "login": "admin"
      },
      "lastModifiedOn": 1678176263846,
      "extendedProperties": {}
    }
  }
}