{
  "type": "join",
  "neverRecomputeExistingPartitions": false,
  "optionalDependencies": false,
  "customMeta": {
    "kv": {}
  },
  "redispatchPartitioning": false,
  "maxRunningActivities": 0,
  "variables": {},
  "dkuProperties": [],
  "inputs": {
    "main": {
      "items": [
        {
          "ref": "projects_activity_level_prepared",
          "deps": []
        },
        {
          "ref": "project_categories_prepared",
          "deps": []
        },
        {
          "ref": "last_project_scenario",
          "deps": []
        },
        {
          "ref": "flowzones_by_project",
          "deps": []
        },
        {
          "ref": "wikis_prepared",
          "deps": []
        }
      ]
    }
  },
  "outputs": {
    "main": {
      "items": [
        {
          "ref": "projects_info",
          "appendMode": false
        }
      ]
    }
  },
  "labels": [],
  "versionTag": {
    "versionNumber": 9,
    "lastModifiedBy": {
      "login": "admin"
    },
    "lastModifiedOn": 1676901506885
  },
  "creationTag": {
    "versionNumber": 0,
    "lastModifiedBy": {
      "login": "admin"
    },
    "lastModifiedOn": 1676362448405
  },
  "tags": [],
  "customFields": {},
  "checklists": {
    "checklists": []
  }
}