{
  "type": "export",
  "neverRecomputeExistingPartitions": false,
  "optionalDependencies": false,
  "params": {
    "clearOutputPartition": false,
    "exportParams": {
      "destinationType": "DOWNLOAD",
      "temporaryFileBehavior": "AUTO",
      "originatingOptionId": "tsv-excel-header",
      "format": {
        "type": "csv",
        "params": {
          "style": "excel",
          "charset": "utf8",
          "separator": ",",
          "quoteChar": "\"",
          "escapeChar": "\\",
          "dateSerializationFormat": "ISO",
          "arrayMapFormat": "json",
          "hiveSeparators": [
            "\u0002",
            "\u0003",
            "\u0004",
            "\u0005",
            "\u0006",
            "\u0007",
            "\b"
          ],
          "skipRowsBeforeHeader": 0,
          "parseHeaderRow": true,
          "skipRowsAfterHeader": 0,
          "probableNumberOfRecords": 0,
          "normalizeBooleans": false,
          "normalizeDoubles": true,
          "readAdditionalColumnsBehavior": "INSERT_IN_DATA_WARNING",
          "readMissingColumnsBehavior": "DISCARD_SILENT",
          "readDataTypeMismatchBehavior": "DISCARD_WARNING",
          "writeDataTypeMismatchBehavior": "DISCARD_WARNING",
          "fileReadFailureBehavior": "FAIL",
          "compress": ""
        }
      },
      "destinationDatasetProjectKey": "DSSWATCHER",
      "destinationDatasetConnection": "filesystem_managed",
      "overwriteDestinationDataset": false,
      "selection": {
        "useMemTable": false,
        "filter": {
          "distinct": false,
          "enabled": false
        },
        "partitionSelectionMethod": "ALL",
        "selectedPartitions": [],
        "latestPartitionsN": 1,
        "ordering": {
          "enabled": false,
          "rules": []
        },
        "samplingMethod": "FULL",
        "maxRecords": 100000,
        "targetRatio": 0.02,
        "withinFirstN": -1,
        "maxReadUncompressedBytes": -1
      }
    }
  },
  "customMeta": {
    "kv": {}
  },
  "redispatchPartitioning": false,
  "maxRunningActivities": 0,
  "variables": {},
  "dkuProperties": [],
  "inputs": {
    "main": {
      "items": [
        {
          "ref": "code_envs_overview",
          "deps": []
        }
      ]
    }
  },
  "outputs": {
    "main": {
      "items": [
        {
          "ref": "HhiHf5Zd",
          "appendMode": false
        }
      ]
    }
  },
  "labels": [],
  "versionTag": {
    "versionNumber": 3,
    "lastModifiedBy": {
      "login": "admin"
    },
    "lastModifiedOn": 1676898307942
  },
  "creationTag": {
    "versionNumber": 0,
    "lastModifiedBy": {
      "login": "admin"
    },
    "lastModifiedOn": 1676898196280
  },
  "tags": [],
  "customFields": {},
  "checklists": {
    "checklists": []
  }
}