{
  "discussions": [
    {
      "id": "rEsrniLf",
      "workspaceKey": "",
      "objectId": "compute_datasets_metrics_checks_1",
      "objectType": "RECIPE",
      "topic": "Metrics",
      "lastReplyTime": 1676388027720,
      "users": {
        "admin": {
          "login": "admin",
          "lastReplyTime": 1676388027720,
          "lastReadTime": 1676388027836
        }
      },
      "closedOn": 0,
      "closedBy": "",
      "replies": [
        {
          "id": "Puv0TjYN",
          "text": "Vérifier le comptage des métriques",
          "author": "admin",
          "time": 1676388027720,
          "editedOn": 0
        }
      ]
    }
  ]
}